gene	cell	count
ENSG00000004487.19	AAAGTAACCCAAACTGCGCAGCTATGTG	1
ENSG00000005483.23	AAGTATCTGTCAGAAATCGAATAAACAA	1
ENSG00000005483.23	TCAATCTCCACAAATCAGTTTACAAACTTT	1
ENSG00000007944.16	TCACAGAATCGTGGAGTCTAACGTACTACG	1
ENSG00000008018.10	AAGTATCTGTAAACGTACCCACGATCCG	1
ENSG00000008869.13	GTAGCCATCACTGACAGACAATGGTCCGT	1
ENSG00000008952.18	GTAGAAGCACTCAGAAATCGCAACCTCCA	1
ENSG00000008988.12	AAGACATGCCAGTGCCCGACTTACGAT	1
ENSG00000008988.12	AGACGGATTAAACCAAAGTCTAAGCTTC	1
ENSG00000008988.12	TCAATCTCCACACACCTACCCAAAGAGGCC	1
ENSG00000008988.12	TCAATTTAGATGACCAAAATGAAGGGAACT	1
ENSG00000011295.17	GTTTGTTCCAAGAGTGCGAAAATTACCGG	1
ENSG00000012660.15	CTTCACATACTAGGTCCTCAGCCTGGC	1
ENSG00000012983.13	GTGAGGATGGATACAGGATAAAATGGAGG	1
ENSG00000015479.21	GTAGAACTTCCCAATTGATCGATGGTCCA	1
ENSG00000015479.21	GTAGAGCTATGGTACATCTAGGCACAACA	1
ENSG00000023445.18	ATACCGAGCATCGTTAGCAGATGGTCCA	1
ENSG00000025293.18	ACACGCCGGACTGTTAGAAGCCTGGTT	1
ENSG00000026103.25	GTAGCCATCACGTGCAGTAAATATTGTAA	1
ENSG00000031698.14	AAGTATCTGTACTTTAACTAAGCCTTCT	1
ENSG00000031823.15	GTAGAGCTATGCAGAAATCGTGTCTATCA	1
ENSG00000032389.14	GTAGCACACAGGCTAACTCAAGCTATGTG	1
ENSG00000034677.14	ACCTTGCGGAGATAGTTCGGCACAACA	1
ENSG00000034677.14	AGCAATCCGACTTGCTTCAATCATTCTG	1
ENSG00000035687.10	TCACAAGCAAGCAAGCTACTTATCGAGTCT	1
ENSG00000038219.14	GTAGAAGCACTCACCCAAAGACTAGACCG	1
ENSG00000038219.14	TCAGGCAAGCAAAATTATAACTACTTCGGA	1
ENSG00000047188.17	AAGGCGATCGCCAATGTAAACAACGCG	1
ENSG00000048649.14	GTGAGGTGCTAAAGGACTATAAGTTTACG	1
ENSG00000048740.20	GTCGTTACTAAGATTCATCATGAAGCCAA	1
ENSG00000049759.21	TCAAGCCCAATCACGACCACCTGTATGCGA	1
ENSG00000052841.17	AAGTATCTGTATGAGTTACCATGAATGA	1
ENSG00000054267.23	ACATAAGCGACTTTAACTAGTTGCATC	1
ENSG00000055163.22	TCACAAGCAAGCGACCTTAGAAGCCTGGTT	1
ENSG00000055163.22	TCAGAGCCAATATAGTGACTACATGAATGA	1
ENSG00000058272.20	AACCAAGGACTTGGTATGACATGAATGA	1
ENSG00000058729.12	TCACAGAATCGTGTGTGTCGAGTTAGCCTA	1
ENSG00000059804.19	AAAATCCTGTACGACCACCCTCAAGACA	1
ENSG00000059804.19	CTTCACATAGCATGGCTAATGGTCCGT	1
ENSG00000059804.19	TCAAGCCCAATCAGAATGGAGAAGGCCGCA	1
ENSG00000060138.14	TCAGCTGCCAATATGAGTTACAAGCCTTCT	1
ENSG00000062650.21	TCAAACCGCCTCTAGGGATACCTATCATGA	1
ENSG00000064835.12	TCATGCGATCTAACACATGTCACATTCGGC	1
ENSG00000065154.13	GTCAGCAAGATACAATATGGAAATGGAGG	1
ENSG00000065485.21	GTAAGCTCAACGATGAACTGAACAGAAAC	1
ENSG00000065883.19	TCAATGTAATGGATGAGTTACCAATACAAG	1
ENSG00000066777.10	AATTAAGTGCTAGGGATACCATGAATGA	1
ENSG00000067955.16	TCAAGCCCAATCAGAATGGAGAAGGCCGCA	1
ENSG00000068697.8	GTCTAACTCGCGGAGTCTAAAGCCGCAAG	1
ENSG00000069275.14	GTAGAAGCACTACTGTTAGAAGCCTGGTT	1
ENSG00000069974.18	TCAATCTCCACACACCTACCCAAAGAGGCC	1
ENSG00000070756.18	ACATAAGCGGATGAACTGAGTTGCATC	1
ENSG00000070756.18	AGACGGATTAAACCAAAGTCTAAGCTTC	1
ENSG00000070756.18	ATAAGCGTTATTGCGTACAACATTCGGC	1
ENSG00000070756.18	ATACCGAGCATCGTTAGCAGATGGTCCA	1
ENSG00000070756.18	GTAGTAAAGCCGCTAACTCACGTCTAGGT	1
ENSG00000070756.18	GTCAGCAAGATCAAGACCTACTAAGCTTC	1
ENSG00000070756.18	TCAATCTCCACAGATGAACTGGGCACAACA	1
ENSG00000071082.12	GTAGAAGCACTTGTTCTCCAACTTACGAT	1
ENSG00000071189.22	CTTGTACTAACCTGAGTCTCTACGACA	1
ENSG00000073711.12	GTAGAACTTCCTCGTTAGCACAGGCATTT	1
ENSG00000074319.14	GTAGCACACAGGCTAACTCAAGCTATGTG	1
ENSG00000074319.14	TCAATCAGAGCTACGCGAAGCCTAGATAGA	1
ENSG00000074800.17	TCAATCTCCACACACCTACCCAAAGAGGCC	1
ENSG00000075213.12	GCGATTACACACTCGAGACTATTAGCC	1
ENSG00000075415.16	TCAGCTGCCAATTCATTGAGAGATCAGCGA	1
ENSG00000075539.16	TCAATCCCGGAGACTTGATGAAAAGTCATT	1
ENSG00000075785.15	GTAGAACTTCCCAATTGATCGATGGTCCA	1
ENSG00000076382.18	ATAAGCGTTATTGCGTACAACATTCGGC	1
ENSG00000078304.21	TCACAAGCAAGCAAGCTACTTATCGAGTCT	1
ENSG00000080345.19	GTAGAACTTCCCAACAACGGCAGGCATTT	1
ENSG00000080815.21	GTAGTAAAGCCGCTAACTCACGTCTAGGT	1
ENSG00000080822.18	AATCGAATGACCTGAGTCTCCTCAATA	1
ENSG00000080824.20	AAAATCCTGTGATTCATCATGAAGCCAA	1
ENSG00000080824.20	AAGGCGATCCCGTATCTAACGCTGTTG	1
ENSG00000080824.20	AATTAAGTGCTAGGGATACCATGAATGA	1
ENSG00000080824.20	ACACGCCGGACTGTTAGAAGCCTGGTT	1
ENSG00000080824.20	ACGGATATTCACAAAGGCAAGGGAACT	1
ENSG00000080824.20	AGACGGATTAAACCAAAGTCTAAGCTTC	1
ENSG00000080824.20	ATGGCTCAGAATCCAACCGCAGCCTGGC	1
ENSG00000080824.20	ATTGGCTAAGACCTTAGAACATTCGGC	1
ENSG00000080824.20	GTAGAGCTATGTGACAGACAACTTACGAT	1
ENSG00000080824.20	GTAGTAAAGCCGCTAACTCACGTCTAGGT	1
ENSG00000080824.20	TCAACACGAGATCGTTCGGTAAAATGGAGG	1
ENSG00000081237.23	GTAGAGCTATGATCCAACCGATGGGACTC	1
ENSG00000081320.13	ATAAGCGTTAATGAGTTACTCAGATTCA	1
ENSG00000081320.13	GTAAGCTCAACGCATGGCTAATGGTCCGT	1
ENSG00000082074.20	AAACTTCTCCGATGAACTGGTAGAAGCA	1
ENSG00000082074.20	ATGGCTCAGAAAGGACTATGCTCCTTGA	1
ENSG00000084070.13	AGCACTGTCATCATCCTAACAAGTAGAA	1
ENSG00000084754.13	GTAGAAGCACTTGTTCTCCAACTTACGAT	1
ENSG00000085224.23	TCAATCTCCACAAGCGACACCAAGTTTACG	1
ENSG00000085832.19	ACCTTGCGGACCAAAATGACACCTTAG	1
ENSG00000086061.17	AGCAATCCGAGATTCATCATGCATAGTA	1
ENSG00000086061.17	TCATCGAAGTGACACCTACCCCGTCTAGGT	1
ENSG00000086758.18	TCAATCAGAGCTGTACATCTAGGTTGGACA	1
ENSG00000087274.20	GTAGAAGCACTCTAGGTCCTACTAGACCG	1
ENSG00000087365.17	TCAGAGTACATTATCCAACCGAGCTATGTG	1
ENSG00000087460.29	GTAGAACTTCCTGTTCTCCACACGATCCG	1
ENSG00000087460.29	GTTCCAGTCGATTGGAGGTAGCTATGGAA	1
ENSG00000087884.17	AATTATTACCACGCGAAGCAAAGTCATT	1
ENSG00000089280.21	AAGACATGCGATGAACTGGGCTACAGA	1
ENSG00000089289.17	ACCGGATAGAGCGACACCTCCTCAATA	1
ENSG00000089737.20	TCATAGCTTGTATTGGAGGTAACAGTAAAC	1
ENSG00000090060.20	GTAACGAGAAGACGCGAAGCCTATTAGCC	1
ENSG00000090861.18	AGCACTGTCACCGTATCTAACAGGCTCC	1
ENSG00000090863.13	AGCCTTACAAGACCTTAGATCCTCAATA	1
ENSG00000090905.20	TCAGAGCCAATATAGTGACTACATGAATGA	1
ENSG00000091039.18	GTAGAGCTATGGGAGTCTAAAACAGAAAC	1
ENSG00000091317.9	GTAGCCATCACAGGAGGCGCCAGGGAGGG	1
ENSG00000091409.18	GTGAGGTGCTATAGTCTTGACAATAGGGT	1
ENSG00000092148.15	TCAATCTCCACAAATTATAACATCATTCTG	1
ENSG00000092439.16	TCATATGTGGCATACTAGTCATACTTCGGA	1
ENSG00000092470.13	GTAGAACTTCCCTAGGTCCTCTAAGCTTC	1
ENSG00000095574.13	GTGTCCTTAACACATGTCATCGAGTCT	1
ENSG00000095951.19	AATTAAGTGCAGTGTTGTCAACATCCAT	1
ENSG00000096384.21	GTAGCCATCACTAGGGATACATATTGTAA	1
ENSG00000096384.21	GTCTAACTCGCTTGCGTACACGTACTACG	1
ENSG00000096717.13	GTCTAACTCGCAGGCAGCTACGTACTACG	1
ENSG00000096746.19	GTAGAAGCACTGGAATGATAAGTAATTAG	1
ENSG00000099622.15	AATTAAGTGCAGTGTTGTCAACATCCAT	1
ENSG00000099622.15	GTCTAACTCGCACGCGAAGCCTATTAGCC	1
ENSG00000100024.16	GTCAAACCGCCACTTGATGAAAGGCCGCA	1
ENSG00000100099.23	GTAGCCATCACATGAGTTACCAGGCATTT	1
ENSG00000100201.23	GTAGAGCTATGTTCCATTGAACACCTTAG	1
ENSG00000100226.17	AAGTATCTGTATGAGTTACGGTGAGTTA	1
ENSG00000100307.14	GTAGAAGCACTCACCCAAAGACTAGACCG	1
ENSG00000100316.17	AACGCAATCAGCCAATGTATGAAGCCAA	1
ENSG00000100316.17	ACACGCCGGCCGTATCTAAAGGCCGCA	1
ENSG00000100316.17	CTTCACATAAAACTGCGCAACGTGTGA	1
ENSG00000100316.17	GTCAGCAAGATATGAGTTACCGTACTACG	1
ENSG00000100316.17	GTGAGGTGCTATAGTCTTGACAATAGGGT	1
ENSG00000100316.17	GTGTCCTTAATTAGGCATTGTATGCGA	1
ENSG00000100316.17	GTTTGTTCCAACGTTCGGTAAGCCTGGTT	1
ENSG00000100316.17	TCAACAAGGATCGCCTGTTCACAAACGTGG	1
ENSG00000100316.17	TCAACCCTGACCAGCGACACCAGTAATTAG	1
ENSG00000100316.17	TCAGGCAAGCAAACTTCGAGCCAAGTAGAA	1
ENSG00000100490.11	GTACAGTTCCGACTATCCTCGATCAGCGA	1
ENSG00000100650.17	GCGATTACAAATCCTGAAACTACATAT	1
ENSG00000100650.17	TAAGTTCGATACAGGATAAAGCCTTCT	1
ENSG00000100650.17	TAATTTAGATGACCTGAGTCCACAAGTAT	1
ENSG00000100796.19	AGCAATCCGAACCAGGTGTACGAACCAG	1
ENSG00000100906.13	TCACAAAGTGTGTAGAACACACAAACGTGG	1
ENSG00000100908.15	TCACAGAATCGTCGTTCGGTAAACAACGCG	1
ENSG00000101361.18	TCAATTTAGATGACCAAAATGAAGGGAACT	1
ENSG00000101413.13	AACGCAATCACCGACAAGACAGGGAGGG	1
ENSG00000101557.16	GTACAGTTCCGACTATCCTCGATCAGCGA	1
ENSG00000101745.18	AAAGTAACCCTCATCCTAATACTTCGGA	1
ENSG00000101745.18	GTAGAACTTCCTCGTTAGCACAGGCATTT	1
ENSG00000101745.18	GTAGAAGCACTGTGCAGTAAAACAACGCG	1
ENSG00000102241.13	TAAGTTCGAACTTTAACTCAACCTCCA	1
ENSG00000102572.16	GTTGTACCTTAGCCAATGTAATATTGTAA	1
ENSG00000102760.14	TCAAGCCCAATCAGAATGGAGAAGGCCGCA	1
ENSG00000102780.18	GTCAAACCGCCCACCCAAAGATATTGTAA	1
ENSG00000102908.24	GTAATATTGGGACACATGTCAATTACCGG	1
ENSG00000103264.19	GTCGCTATAACCAGGTGTCAGGCATTT	1
ENSG00000103365.17	TAAGTTCGAAATCCTGAAGGCACAACA	1
ENSG00000103423.15	GTTCCAGTCGATTGGTATGAACAAACTTT	1
ENSG00000104427.14	GTCTACAGAACCTAGGTCCTACGCTGTTG	1
ENSG00000104763.21	TCAGGCAAGCAAACCAGGTGTCTAAGCTTC	1
ENSG00000105193.10	ACACGCCGGCCGTATCTAAAGGCCGCA	1
ENSG00000105193.10	GTAGCACACAGCGCTAAGCACTATCATGA	1
ENSG00000105193.10	GTCAAACCGCCCAGCACTTCATCGAGTCT	1
ENSG00000105193.10	GTGAGGATGGAAGATAGTTCAGTTGTTCT	1
ENSG00000105193.10	GTGTCCTTAACGATGAATAATGTATCG	1
ENSG00000105193.10	TCAATCTCCACAAAGGACTATGCTATGGAA	1
ENSG00000105372.9	ACAACATATTATTAGGCATGATAGAGGA	1
ENSG00000105640.14	TCAGAGCCAATACGCTAAGCAATCATTCTG	1
ENSG00000105939.15	GTCGCTATAGGAATGATAACAGGCTCC	1
ENSG00000105983.24	ATGGCTCAGAATCCAACCGCAGCCTGGC	1
ENSG00000106344.9	GTAATATTGGGAGGATTCAAACTCATACG	1
ENSG00000106415.14	GTAGAAGCACTCTAGGTCCTACTAGACCG	1
ENSG00000106609.17	TCAACCCTGACCAGCGACACCAGTAATTAG	1
ENSG00000106993.13	GTCGCTATAATTAGGCATACGAACCAG	1
ENSG00000107099.18	CGGTCCAGGAAATAAATAACTTACGAT	1
ENSG00000107290.15	ATCTCTTCAACTAGGTCCTAAAGTCATT	1
ENSG00000107372.14	TCATGCGATCTATCATTGAGAATCGAGTCT	1
ENSG00000107581.15	GTAGCACACAGAGGTTCGCTCTGTACGGA	1
ENSG00000107625.15	ATAAGCGTTAACGCGAAGCCAGGGAGGG	1
ENSG00000107742.15	GTAGAAGCACTTGTTCTCCAACTTACGAT	1
ENSG00000107862.8	GTGAGGTGCTAGGAATGATAACTCCAGGG	1
ENSG00000108107.16	GTCAAACCGCCTTGGAGGTATACTTCGGA	1
ENSG00000108298.13	GTCAGCAAGATCAAGACCTACTAAGCTTC	1
ENSG00000108298.13	GTTGTACCTTATACAGGATAATGGTCCGT	1
ENSG00000108389.11	ACACGCCGGACTGTTAGAAGCCTGGTT	1
ENSG00000108424.12	AAGTATCTGTCACCAGGTAAAATGGAGG	1
ENSG00000108588.16	GTTTGTTCCAAACCTGAGTCATCATTCTG	1
ENSG00000108654.17	GTACACACAAAGCCTGTTCAATGGTCCGT	1
ENSG00000108654.17	TCACAAAGTGTGTGTGAAGAATTCAGCTCA	1
ENSG00000109046.16	ATACCGAGCATCGTTAGCAGATGGTCCA	1
ENSG00000109452.15	TCACAAGCAAGCGACCTTAGAAGCCTGGTT	1
ENSG00000109475.19	ACACATTGCAAGAATGGAGACTACATAT	1
ENSG00000109475.19	GTCAGCAAGATATGAGTTACCGTACTACG	1
ENSG00000109475.19	GTCAGTTTCACAGAATGGAGCAGGCATTT	1
ENSG00000109475.19	GTCTACAGAACACAATATGGTCAGATTCA	1
ENSG00000109475.19	TCAATCAGAGCTAAACTGCGCAACGTGTGA	1
ENSG00000109475.19	TCATCGAAGTGACACTCGAGAACTGAATTC	2
ENSG00000110321.19	AAAATCCTGTACGACCACCCTCAAGACA	1
ENSG00000110321.19	TCACAAAGTGTGTGTGAAGAATTCAGCTCA	1
ENSG00000110700.8	GTAGCACACAGGCTAACTCAAGCTATGTG	1
ENSG00000110700.8	TCAACACGAGATCACTCGAGAAAGTTTACG	1
ENSG00000110700.8	TCAATCAGAGCTGTACATCTAGGTTGGACA	1
ENSG00000110906.14	TCAGAGCCAATATGTTCTCCAAGCTATGTG	1
ENSG00000110925.8	TCATAGCTTGTACACCCAAAGAATGTATCG	1
ENSG00000110934.14	AAGACATGCTTGCGTACAAACAACGCG	1
ENSG00000110958.17	ACACGCCGGCCGTATCTAAAGGCCGCA	1
ENSG00000111335.14	ACCGGATAGACAATATGGATCATTCTG	1
ENSG00000111364.17	TCATGCGATCTAAGAATGGAGCTAGATAGA	1
ENSG00000111371.17	GTCAGTTTCACGATTCATCACAATAGGGT	1
ENSG00000111897.8	ACCTTGCGGAGATAGTTCGGCACAACA	1
ENSG00000111897.8	GTAGAGCTATGAGGCAGCTACAGCCTGGC	1
ENSG00000111912.21	GTAACGAGAAGATCAACCGAAAGCCTTCT	1
ENSG00000112306.9	AATACTTAGGGGAATGATAAAGCCTTCT	1
ENSG00000112306.9	ACACACACTATCGTTAGCAAGTAATTAG	1
ENSG00000112306.9	AGCAATCCGATGTTCTCCAAATAAACAA	1
ENSG00000112306.9	GTAACGAGAAGGAGTGCGAACACAAGTAT	1
ENSG00000112306.9	GTAGCACACAGATCCAACCGAATTCGGCG	1
ENSG00000112306.9	GTGAGGATGGAGTGCAGTAACAGGCATTT	1
ENSG00000112406.6	AGACGGATTAAGAATGGAGGATCAGCGA	1
ENSG00000112406.6	TCATAGCTTGTATTGGAGGTAACAGTAAAC	1
ENSG00000112739.18	GTCAGTTTCACTAGTCTTGAGGCTACAGA	1
ENSG00000112851.17	ATGGCTCAGAATCCAACCGCAGCCTGGC	1
ENSG00000112893.11	TCAATGTAATGGCTAGGTCCTAGCTATGTG	1
ENSG00000113194.14	GTCGCTATAAGTGAAAGGGATCAGCGA	1
ENSG00000113448.21	TAAGTTCGACACAAAGGCACACCTTAG	1
ENSG00000114127.12	GGATTAGGATCATCCTAATCCTCAATA	1
ENSG00000114439.20	TCAAGCCCAATCCACAAAGGCCATAACGTT	1
ENSG00000114503.11	GTAGAAGCACTTGTTCTCCAACTTACGAT	1
ENSG00000114744.10	GTAGAACTTCCATCCAACCGAACATCCAT	1
ENSG00000114857.20	ACACGCCGGGCTAACTCAGCTATGGAA	1
ENSG00000114857.20	ATACCGAGCAGACACTTAAATCATTCTG	1
ENSG00000114933.17	GTGAGGTGCTAGATTCATCAAGTCTGTAC	1
ENSG00000114942.16	AAAATCCTGTACGACCACCCTCAAGACA	1
ENSG00000114942.16	AGCACTGTCACCGTATCTAACAGGCTCC	1
ENSG00000114942.16	TCAACGAAAGGTACAATATGGGATGGTCCA	1
ENSG00000115053.18	TCAAGCCCAATCTTGGTATGAAATAAACAA	1
ENSG00000115053.18	TCAATCTCCACAGATGAACTGGGCACAACA	1
ENSG00000115165.11	ATGGCTCAGAATCCAACCGCAGCCTGGC	1
ENSG00000115165.11	GTGAGGTGCTAAAGGACTATAAGTTTACG	1
ENSG00000115204.16	GTTTGTTCCAACGTTCGGTAAGCCTGGTT	1
ENSG00000115268.11	AAGGCGATCGCCAATGTAAACAACGCG	1
ENSG00000115268.11	GTTCAGGAGGAATTCATCGTTCTCGGTTA	1
ENSG00000115310.20	TCAATTTAGATGACCAAAATGAAGGGAACT	1
ENSG00000115339.16	TCAATCAGAGCTATCCAACCGAGTCTGTAC	1
ENSG00000115760.16	TCATGCGATCTAACCAGGTGTGATCTCTTA	1
ENSG00000115904.16	GTCTACAGAACAGTGTTGTCTGTATGCGA	1
ENSG00000116221.16	TAAGTTCGACACAAAGGCACACCTTAG	1
ENSG00000116473.16	GTAGCACACAGGATGAACTGCTCAAGACA	1
ENSG00000116560.12	AGACGGATTACTAGGTCCTCAAGTAGAA	1
ENSG00000116560.12	ATAAGCGTTATTGCGTACAACATTCGGC	1
ENSG00000116580.21	AAGACATGCAACTCATTGAAGGGTCAG	1
ENSG00000116679.18	AATACTTAGGTTCCATTGAAGTTGCATC	1
ENSG00000116698.23	GTAGAACTTCCGTGCAGTAAAACGTGTGA	1
ENSG00000116731.23	TCAGAGCCAATAAGGTTCGCTCAGGCATTT	1
ENSG00000116754.15	CAGGTGTAGATCCTAGGAAATAAACAA	1
ENSG00000116754.15	TCAAACCGCCTCCCGACAAGACAAGTAGAA	1
ENSG00000116898.13	AGACGGATTAGTGCAGTAAGGTGAGTTA	1
ENSG00000117020.19	AGACGGATTATACTAGTCAAACAACGCG	1
ENSG00000117523.18	AGGAGATTAAAGCTACTTTCCTCAATA	1
ENSG00000117523.18	AGGAGATTATAGTCTTGAAGCCTGGTT	1
ENSG00000117614.11	TCAATAGACGAGCTAGGTCCTAGTAATTAG	1
ENSG00000117616.19	ATAAGCGTTATTGCGTACAACATTCGGC	1
ENSG00000118058.26	AATACTTAGGTTCCATTGAAGTTGCATC	1
ENSG00000118181.12	AAGTATCTGTAGCGACACCTGAAGCCAA	1
ENSG00000118181.12	CCTAGTATAAAACTGCGCACAAACTTT	1
ENSG00000118503.19	AAGTATCTGTCACCAGGTAAAATGGAGG	1
ENSG00000118503.19	GTAGAAGCACTCACCCAAAGACTAGACCG	1
ENSG00000118503.19	GTCAGCAAGATTTGGAGGTACATGAATGA	1
ENSG00000118503.19	GTGAGGTGCTAAAGCTACTTACACCTTAG	1
ENSG00000118564.16	TCACAGAATCGTCCATGCACACATAACGTT	1
ENSG00000118707.12	TCAATAGACGAGATGAGTTACCATGAATGA	1
ENSG00000118816.13	GCGATTACAACCAGGTGTACAAACTTT	1
ENSG00000119397.20	AGGAGATTAACTTCGAGCAGTAATTAG	1
ENSG00000119397.20	GTCAGTTTCACGATTCATCACAATAGGGT	1
ENSG00000119414.13	GTTTGTTCCAAAGCGACACCAATGTATCG	1
ENSG00000119707.15	GTCTACAGAACCTAGGTCCTACGCTGTTG	1
ENSG00000119707.15	TCAATCAGAGCTGTACATCTAGGTTGGACA	1
ENSG00000119707.15	TCACAGAATCGTGTGTGTCGAGTTAGCCTA	1
ENSG00000120129.7	CCACTTGGAAAGGACTATGCTCCTTGA	1
ENSG00000120129.7	GTCAAACCGCCCTAGGTCCTGCTCCTTGA	1
ENSG00000120690.18	GTGTCCTTAATTAGGCATTGTATGCGA	1
ENSG00000120694.21	GTAGAACTTCCATCCAACCGCAAACGTGG	1
ENSG00000120742.12	GTTTGTTCCAAAGCGACACCAATGTATCG	1
ENSG00000120875.9	GTCTACAGAACTACTAGTCATGCATAGTA	1
ENSG00000120915.16	GTAACGAGAAGCGCTAAGCACATGAATGA	1
ENSG00000121274.14	GTTGTACCTTACCGTATCTATGCATAGTA	1
ENSG00000121858.12	GTCTACAGAACAGTGTTGTCTGTATGCGA	1
ENSG00000122026.13	GTAACGAGAAGATCAACCGAAAGCCTTCT	1
ENSG00000122026.13	TCACCTGAGCAAACTTGATGACAAGTAGAA	1
ENSG00000122218.18	AGAATCTGTAGCCTGTTCAAAGGGAACT	1
ENSG00000122406.15	GGATTAGGAACTATCCTCCAATAGGGT	1
ENSG00000122490.20	TCAAGCCCAATCGCATGGCTAAAGGGTCAG	1
ENSG00000122692.10	TCATGCGATCTAACACATGTCACATTCGGC	1
ENSG00000123091.6	TCACAGAATCGTACCTGAGTCCTATTAGCC	1
ENSG00000123136.16	ACACATTGCATGTGAAGAAAACATCCAT	1
ENSG00000123146.21	TCAGAGCCAATATAGTGACTACATGAATGA	1
ENSG00000123562.19	TCACAAGCAAGCCTTGCTTCAATATTGTAA	1
ENSG00000124126.15	CCTAGTATAAGGTTCGCTAATGTATCG	1
ENSG00000124172.11	AAGTATCTGTAAGGACTATCAACCTCCA	1
ENSG00000124172.11	AGCCTTACAAGACCTTAGATCCTCAATA	1
ENSG00000124172.11	GTAGAACTTCCCAATTGATCGATGGTCCA	1
ENSG00000124383.12	TCAATCTCCACAGATGAACTGGGCACAACA	1
ENSG00000124766.7	AGCAATCCGAACGATGAATTGCATAGTA	1
ENSG00000124831.21	ACATAAGCGCAGCACTTCCTAGATAGA	1
ENSG00000124942.14	TAAGTTCGAACACATGTCACAACTAGT	1
ENSG00000125107.20	TCAATTTAGATGTAGGGATACATATTGTAA	1
ENSG00000125354.25	AAGTATCTGTATGAGTTACCATGAATGA	1
ENSG00000125534.12	GTAGAGCTATGAGGCAGCTACAGCCTGGC	1
ENSG00000125691.16	GTAGAACTTCCTCGTTAGCACAGGCATTT	1
ENSG00000125691.16	GTAGAGCTATGAGCGACACCTCCTCAATA	1
ENSG00000125691.16	GTGAGGATGGAATTCATCGTATCGAGTCT	1
ENSG00000125691.16	GTGAGGATGGAGTGCAGTAACAGGCATTT	1
ENSG00000125691.16	TCAATGTAATGGCTAGGTCCTAGCTATGTG	1
ENSG00000125740.15	AGCCTTACAACCGTATCTACATAGGTCA	1
ENSG00000125818.19	GTAGTAAAGCCTAGTGACTAGCAACATTA	1
ENSG00000125835.21	GTCTAACTCGCACGCGAAGCCTATTAGCC	1
ENSG00000125944.23	TCATGCGATCTAATGAGTTACGCAACATTA	1
ENSG00000126254.13	AAGACATGCACTTGATGACTATTAGCC	1
ENSG00000126524.13	GTAGCACACAGGCTAACTCAAGCTATGTG	1
ENSG00000126756.13	GTACAGTTCCGACGATGAATGATGGTCCA	1
ENSG00000126804.15	AGCAATCCGAAATTATAACAACGTGTGA	1
ENSG00000127152.18	GTAAGCTCAACACAGTGGTAAAAGAGGCC	1
ENSG00000127481.15	TCATAGCTTGTATTGGAGGTAACAGTAAAC	1
ENSG00000127528.6	TCACAAGCAAGCAGTGTTGTCAGTAATTAG	1
ENSG00000127528.6	TCAGGCAAGCAAACTTCGAGCCAAGTAGAA	1
ENSG00000127603.32	CCTAGTATAAGGTTCGCTAATGTATCG	1
ENSG00000127995.18	CCACTTGGATCATTGAGAACTCATACG	1
ENSG00000128340.17	GTTCAGGAGGAGCCTGTTCACAATAGGGT	1
ENSG00000128487.20	TCAATTTAGATGTAGAACACATCTCACGGA	1
ENSG00000128585.19	TCAGCTGCCAATACCAGGTGTACTACATAT	1
ENSG00000128915.13	AATTATTACCAAGCTACTTCGTACTACG	1
ENSG00000130713.18	CGGTCCAGGACAGTGGTAGTTAGCCTA	1
ENSG00000130741.12	ATACCGAGCACAACAACGGAGTAATTAG	1
ENSG00000130779.23	TCAGAGCCAATATAGTGACTACATGAATGA	1
ENSG00000130844.20	TCAATCCCGGAGTCGTTAGCAAACAGAAAC	1
ENSG00000131051.25	GTCTACAGAACCACAAAGGCAAAGAGGCC	1
ENSG00000131323.18	GTACAGTTCCGACTATCCTCGATCAGCGA	1
ENSG00000131469.16	AATCGAATGACCTGAGTCTCCTCAATA	1
ENSG00000131469.16	ACACGCCGGCCGTATCTAAAGGCCGCA	1
ENSG00000131469.16	GTGAGGTGCTATAGTCTTGACAATAGGGT	1
ENSG00000131634.15	ATCTCTTCAACACAAAGGCGGTGAGTTA	1
ENSG00000131844.18	ACCTTGCGGACTGTTAGAAGTTGCATC	1
ENSG00000131941.9	CTTCACATAACCTGAGTCACACCTTAG	1
ENSG00000132196.17	GTAGAAGCACTCACCAGGTACGTACTACG	1
ENSG00000132475.11	GTGTCCTTATAGAACACACAACGATCT	1
ENSG00000132612.18	AATCGAATGGTACATCTAGATGGTCCA	1
ENSG00000132676.17	TCAATCTCCACACACCTACCCAAAGAGGCC	1
ENSG00000133112.18	AATCGAATGCACTTATGTAACATCCAT	1
ENSG00000133112.18	GTACAGTTCCGACTATCCTCGATCAGCGA	1
ENSG00000133112.18	GTCGTTACTAACGCTAAGCATTCAGCTCA	1
ENSG00000133112.18	GTTGTACCTTACCGTATCTATGCATAGTA	1
ENSG00000133112.18	TCAACACGAGATCACTCGAGAAAGTTTACG	1
ENSG00000133639.6	TCAATCTCCACACACCTACCCAAAGAGGCC	1
ENSG00000133657.18	GTTCAGGAGGAGCATGGCTATCTACGACA	1
ENSG00000133872.15	GTAGCACACAGAGGTTCGCTCTGTACGGA	1
ENSG00000134255.17	AAGGCGATCTTGCGTACAAATTCGGCG	1
ENSG00000134294.15	AAGGCGATCGGAATGATAAAGCCTTCT	1
ENSG00000134324.13	TAAGTTCGACTTGCTTCATCTACGACA	1
ENSG00000134516.21	GTAAGCTCAACGAGTGCGAAAAGGGAACT	1
ENSG00000134900.14	GTGAGGTGCTATGTGAAGAAACAGTAAAC	1
ENSG00000134954.15	AAGGCGATCGCCAATGTAAACAACGCG	1
ENSG00000135272.14	GTTTGTTCCAACGTTCGGTAAGCCTGGTT	1
ENSG00000135316.20	ATCTCTTCAAAGGCAGCTAGATCTCTTA	1
ENSG00000135482.8	ACAACATATTATCAACCGATCCTCAATA	1
ENSG00000135535.18	AAGACATGCCAGCACTTCGATCTCTTA	1
ENSG00000135905.21	AACGCAATCATACAGGATAGGCACAACA	1
ENSG00000135905.21	ATGGCTCAGATTGGTATGACAAGTAGAA	1
ENSG00000136167.16	TCAGAGCCAATACTCTCTCAAGGCTACAGA	1
ENSG00000136381.14	AGCCTTACAAGTGCAGTAAATCGAGTCT	1
ENSG00000136527.20	AGCACTGTCATCATCCTAACAAGTAGAA	1
ENSG00000136536.16	GTCAAACCGCCCAGCACTTCATCGAGTCT	1
ENSG00000136758.22	GTCAAACCGCCCACCCAAAGATATTGTAA	1
ENSG00000136938.10	AAGTATCTGTATGAGTTACCATGAATGA	1
ENSG00000136938.10	TCAATCAGAGCTCAGTGCCCGCAGGCATTT	1
ENSG00000137154.14	ACACATTGCAGATTCATCAGGTTGGACA	1
ENSG00000137154.14	GTAGAACTTCCCAATTGATCGATGGTCCA	1
ENSG00000137154.14	GTCTACAGAACAGTGTTGTCTGTATGCGA	1
ENSG00000137154.14	TCAGAGCCAATAAGGTTCGCTCAGGCATTT	1
ENSG00000137409.22	ATCTCTTCAATCATCCTAAGCTCCTTGA	1
ENSG00000137692.13	GTAGAGCTATGAGCGACACCTCCTCAATA	1
ENSG00000137817.19	ATTGGCTAAACGCGAAGCCAAGTTTCC	1
ENSG00000137818.13	TCAATCTCCACAAAGGACTATGCTATGGAA	1
ENSG00000137996.14	GTAGCCATCACTGTGAAGAATCCTCAATA	1
ENSG00000138073.15	ACCGGATAGAGGATTCAAAAGGGAACT	1
ENSG00000138078.17	CTTGTACTAGACCTTAGAAACATCCAT	1
ENSG00000138326.22	AAGTATCTGTATGAGTTACCATGAATGA	1
ENSG00000138326.22	AAGTATCTGTCACCAGGTAAAATGGAGG	1
ENSG00000138326.22	ACCGGATAGAGGAGGCGCAATGTATCG	1
ENSG00000138326.22	ATACCGAGCAGACACTTAAAATAAACAA	1
ENSG00000138326.22	GTAAGCTCAACACAGTGGTAAAAGAGGCC	1
ENSG00000138326.22	GTAATATTGGGGATGAACTGACTAGACCG	1
ENSG00000138326.22	GTAGAACTTCCCAATTGATCGATGGTCCA	1
ENSG00000138326.22	TCAATGTAATGGCACCAGGTAAGTTGCATC	1
ENSG00000138326.22	TCAGGCAAGCAAACCAGGTGTCTAAGCTTC	1
ENSG00000138378.21	TCACAAGCAAGCCAATTGATCAAGTTTACG	1
ENSG00000138433.17	GTTCAGGAGGAGCCTGTTCACAATAGGGT	1
ENSG00000138594.15	GTCTAACTCGCACTTCGAGCCGTCTAGGT	1
ENSG00000138757.16	GTCGCTATATGTGAAGAAGCTATGGAA	1
ENSG00000138795.11	GTAGCCATCACATTCATCGTACTGAATTC	1
ENSG00000138834.15	GTGTCCTTAATTAGGCATTGTATGCGA	1
ENSG00000139083.12	TCAGCTGCCAATAGGATTCAAAAGGGAACT	1
ENSG00000139546.12	AGAGTATTAGGCTAACTCAAAATGGAGG	1
ENSG00000139714.13	TCAATCAGAGCTCAGTGCCCGCAGGCATTT	1
ENSG00000140379.9	TCAGGCAAGCAAACCAGGTGTCTAAGCTTC	1
ENSG00000140382.16	GTCTAACTCGCGGAGTCTAACTCAAGACA	1
ENSG00000140632.18	GTCTACAGAACACAATATGGTCAGATTCA	1
ENSG00000140829.13	AAAGTAACCCACTTCGAGCGTAGAAGCA	1
ENSG00000140988.17	GTGAGGTGCTATAGTCTTGACAATAGGGT	1
ENSG00000140988.17	TCAATCTCCACAGATGAACTGGGCACAACA	1
ENSG00000141027.24	AGGAGATTATAGTCTTGAAGCCTGGTT	1
ENSG00000141232.6	CTTGTACTACCGTATCTATACTTCGGA	1
ENSG00000141425.19	TCACCTGAGCAATAGTCTTGAACTCCAGGG	1
ENSG00000141562.20	AGAGTATTAGAAGAGTAGAAACGTGTGA	1
ENSG00000142168.16	GTACACACAAAAGCTGCCGTGGCTACAGA	1
ENSG00000142188.18	GTAGCCATCACATCCAACCGTGCATAGTA	1
ENSG00000142534.8	AAAGTAACCCCTTGCTTCAGATCTCTTA	1
ENSG00000142534.8	AAGGCGATCGCCAATGTAAACAACGCG	1
ENSG00000142534.8	GTTCAGGAGGAAAACGTACCGAACGACAA	1
ENSG00000142534.8	TCAATGTAATGGCACCAGGTAAGTTGCATC	1
ENSG00000142534.8	TCAGAGCCAATACACCCAAAGCATAACGTT	1
ENSG00000142541.19	GTAGAAGCACTAAGAGTAGACGTCTAGGT	1
ENSG00000142676.15	ATAAGCGTTATTGCGTACAACATTCGGC	1
ENSG00000142676.15	ATTGGCTAAGACCTTAGAACATTCGGC	1
ENSG00000142676.15	TCACCTGAGCAAACTTGATGACAAGTAGAA	1
ENSG00000142864.16	CGGTCCAGGCAGTGCCCGAAATTACAG	1
ENSG00000142864.16	TCATCGAAGTGACACCCAAAGACAACTAGT	1
ENSG00000142937.13	ATACCGAGCATTCCATTGAAAAGTCATT	1
ENSG00000142937.13	GTAGAACTTCCATCCAACCGAACATCCAT	1
ENSG00000142937.13	GTGAGGTGCTAAAGGACTATAAGTTTACG	1
ENSG00000142937.13	TCAATCTCCACAGATGAACTGGGCACAACA	1
ENSG00000143013.14	TCAGCTGCCAATAGGATTCAAAAGGGAACT	1
ENSG00000143321.19	ACCTTGCGGACTTGATGAAATTCGGCG	1
ENSG00000143333.8	GTCTAACTCGCACTTCGAGCCGTCTAGGT	1
ENSG00000143337.19	ATAAGCGTTAACAATATGGAAAGTCATT	1
ENSG00000143669.16	AGCAATCCGAAGTGTTGTCGTAGAAGCA	1
ENSG00000143924.20	TCAATCTCCACACACCTACCCAAAGAGGCC	1
ENSG00000144224.18	CCACTTGGATCATTGAGAACTCATACG	1
ENSG00000144674.20	TCAAACCGCCTCTCATCCTAATCCTCAATA	1
ENSG00000144711.17	GTACAGTTCCGAATCAGTTTAGTCTGTAC	1
ENSG00000144713.14	AAGACATGCAAATAAATACAATAGGGT	1
ENSG00000144713.14	AAGTATCTGTAGCGACACCTGAAGCCAA	1
ENSG00000144713.14	GTCAGCAAGATCAAGACCTACTAAGCTTC	1
ENSG00000144713.14	GTGAGGTGCTATAGTCTTGACAATAGGGT	1
ENSG00000144736.15	AAGACATGCACTTGATGACTATTAGCC	1
ENSG00000144746.8	TCAGAGTACATTATCCAACCGAGCTATGTG	1
ENSG00000144824.22	ATAAGCGTTATTGCGTACAACATTCGGC	1
ENSG00000145088.10	TCACAGAATCGTCAGAAATCGATATTGTAA	1
ENSG00000145191.16	GTAGTAAAGCCCACCAGGTAATCATTCTG	1
ENSG00000145241.12	ACACATTGCAACTGTTAGAATCGAGTCT	1
ENSG00000145390.13	TCAATCAGAGCTGTACATCTAGGTTGGACA	1
ENSG00000145425.11	GTTTGTTCCAACGTTCGGTAAGCCTGGTT	1
ENSG00000145476.17	TCAATGTAATGGCACCAGGTAAGTTGCATC	1
ENSG00000145592.15	CAGGTGTAGGTACATCTAATATTGTAA	1
ENSG00000145592.15	GTAGAACTTCCCAATTGATCGATGGTCCA	1
ENSG00000145592.15	GTAGAGCTATGTGACAGACAAATTCGGCG	1
ENSG00000145592.15	TCAAACCGCCTCACTTCGAGCAGTTGCATC	1
ENSG00000145592.15	TCAGGCAAGCAAACCAGGTGTCTAAGCTTC	1
ENSG00000145632.16	ATGGCTCAGAAAGGACTATGCTCCTTGA	1
ENSG00000145632.16	GTCAGTTTCACACGACCACCCTAGATAGA	1
ENSG00000145779.8	TCAATGTAATGGCTAGGTCCTAGCTATGTG	1
ENSG00000145833.17	ATAAGCGTTAACGCGAAGCCAGGGAGGG	1
ENSG00000146247.16	GTGAGGATGGAATTCATCGTATCGAGTCT	1
ENSG00000146457.17	GTACAGTTCCGATTACCAAGACTGAATTC	1
ENSG00000146677.7	GTTGTACCTTAACTTCGAGCAAGGCCGCA	1
ENSG00000146731.12	TCAACGAAAGGTACAATATGGGATGGTCCA	1
ENSG00000146776.15	CCTAGTATAAGCTGCCGTTCCGTCTTA	1
ENSG00000147065.19	GTGAGGTGCTAAAGGACTATAAGTTTACG	1
ENSG00000147168.14	ATACCGAGCACAACAACGGAGTAATTAG	1
ENSG00000147180.18	CTTGTACTAACAGTGGTACACGATCCG	1
ENSG00000147403.19	ATTGGCTAAGACCTTAGAACATTCGGC	1
ENSG00000147403.19	GTAATATTGGGAGGGCTGGTAATTACCGG	1
ENSG00000147403.19	GTCAGTTTCACTAGTCTTGAGGCTACAGA	1
ENSG00000147454.14	AAGACATGCAGGCAGCTACTAAGCTTC	1
ENSG00000147454.14	GTAGCCATCACTACTAGTCATCAGATTCA	1
ENSG00000147454.14	GTCAGTTTCACCAGAAATCGTCTCACGGA	1
ENSG00000147604.15	ATCTCTTCAAAGGGCTGGTACAAGTGCA	1
ENSG00000147677.13	AGAATCTGTAAGTGAAAGGCATGAATGA	1
ENSG00000147677.13	TCAACGAAAGGTACAATATGGGATGGTCCA	1
ENSG00000147677.13	TCAATCTCCACAAGCTGCCGTTACTTCGGA	1
ENSG00000147854.19	GTCTAACTCGCACGCGAAGCCTATTAGCC	1
ENSG00000148384.15	GTCTAACTCGCCACCTACCCAGTTGCATC	1
ENSG00000148700.16	ACAGCTGACATATAGCCCTTACTTCGGA	1
ENSG00000148700.16	TCACCTGAGCAAGATTCATCAAGTCTGTAC	1
ENSG00000148730.8	TCACAGAATCGTCGTTCGGTAAACAACGCG	1
ENSG00000149262.20	ACACGCCGGACACATGTCCTATCATGA	1
ENSG00000149273.16	AGAATCTGTAAGTGAAAGGCATGAATGA	1
ENSG00000149273.16	TCAACACGAGATCACTCGAGAAAGTTTACG	1
ENSG00000149311.23	AGAGAAGTTCAAGACCTAGATGGTCCA	1
ENSG00000150403.19	TCAACACGAGATCCGACAAGAACTACATAT	1
ENSG00000151502.12	AGACGGATTAACTTTAACTACTCCAGGG	1
ENSG00000151726.17	TCAGGCAAGCAAACCAGGTGTCTAAGCTTC	1
ENSG00000152484.15	AAAGTAACCCTCATCCTAATACTTCGGA	1
ENSG00000152492.16	TCAATTTAGATGACCAAAATGAAGGGAACT	1
ENSG00000152620.14	GTAGAACTTCCCAATTGATCGATGGTCCA	1
ENSG00000153187.22	TCAGAGCCAATAAGGAGGCGCCAAACGTGG	1
ENSG00000153234.17	ACGGATATTCAGAAATCGAAGGGAACT	1
ENSG00000153560.13	AGCACTGTCACCGTATCTAACAGGCTCC	1
ENSG00000153574.10	TAAGTTCGAACTTTAACTCAACCTCCA	1
ENSG00000153815.18	GTCAAACCGCCCAGCACTTCATCGAGTCT	1
ENSG00000153827.16	GTGTCCTTAAAATAAATAAGTAATTAG	1
ENSG00000153922.13	ATACCGAGCAGTGCAGTAAACTCCAGGG	1
ENSG00000154222.16	GTAGAAGCACTTGTTCTCCAACTTACGAT	1
ENSG00000154518.11	AAGACATGCACTTGATGACTATTAGCC	1
ENSG00000154518.11	TCAATCAGAGCTACTTCGAGCCTGTACGGA	1
ENSG00000154548.10	ACACACACTATCGTTAGCAAGTAATTAG	1
ENSG00000154743.20	AACCAAGGACGTGCAGTAAACTCATACG	1
ENSG00000154814.15	TCAGCTGCCAATTGTTCTCCACAGCCTGGC	1
ENSG00000154978.14	AATTAAGTGCCACAAAGGCAAGGGTCAG	1
ENSG00000156017.14	GTTTGTTCCAAAGCGACACCAATGTATCG	1
ENSG00000156471.14	ATAAGCGTTATTGCGTACAACATTCGGC	1
ENSG00000156508.21	ACCTTGCGGACTGTTAGAAGTTGCATC	1
ENSG00000156508.21	ACCTTGCGGTATAGCCCTAGTTGCATC	1
ENSG00000156508.21	GTCTACAGAACAGTGTTGTCTGTATGCGA	1
ENSG00000156508.21	GTGAGGTGCTACAGTGCCCGGCTCCTTGA	1
ENSG00000156508.21	TCAGGCAAGCAAACCAGGTGTCTAAGCTTC	1
ENSG00000156973.15	TAAGTTCGATACAGGATAAAGCCTTCT	1
ENSG00000157077.17	AATCGAATGACCTGAGTCTCCTCAATA	1
ENSG00000157540.23	AAAGTAACCCCTTGCTTCAGATCTCTTA	1
ENSG00000157557.14	AGAGTATTAGATGAGTTACAACAGAAAC	1
ENSG00000157911.12	CTTGTACTAGACCTTAGAAACATCCAT	1
ENSG00000158050.7	TCAACCCTGACCATTCATCGTTGCATAGTA	1
ENSG00000158195.12	TCAGCTGCCAATATGAGTTACAAGCCTTCT	1
ENSG00000158290.20	GTAAGCTCAACCTTGCTTCACAAGTAGAA	1
ENSG00000158985.15	ATAAGCGTTAATTACCAAGAATGTATCG	1
ENSG00000158985.15	GTTTGTTCCAACGTTCGGTAAGCCTGGTT	1
ENSG00000158985.15	TCATAGCTTGTAAATTATAACAGCTATGTG	1
ENSG00000159131.18	TCAATCTCCACACACCTACCCAAAGAGGCC	1
ENSG00000159140.23	AGCACTGTCAGTGTGTCGACTAGATAGA	1
ENSG00000159140.23	GTAAGCTCAACACAGTGGTAAAAGAGGCC	1
ENSG00000159346.14	GTAGAACTTCCCTAGGTCCTCTAAGCTTC	1
ENSG00000159445.14	TCAACAAGGATCACAGTGGTACAATACAAG	1
ENSG00000160058.20	AAAGTAACCCCAGTGCCCGGAACGACAA	1
ENSG00000160255.20	AAGACATGCTTGCGTACAAACAACGCG	1
ENSG00000160299.19	AGAGAAGTTCAAGACCTAGATGGTCCA	1
ENSG00000160588.10	AACTGTATTTGTGAAGAACTCAAGACA	1
ENSG00000160613.16	GTAGAAGCACTTTCCATTGAAGCCGCAAG	1
ENSG00000160888.9	ACCGGATAGAGGAGGCGCAATGTATCG	1
ENSG00000161203.15	ATAAGCGTTAACAATATGGAAAGTCATT	1
ENSG00000161547.18	ATAAGCGTTAAACTCATTGCGTCTAGGT	1
ENSG00000161547.18	GTAAGCTCAACACGCGAAGCACTCATACG	1
ENSG00000161547.18	TCACAAAGTGTGAAGAGTAGAAGTTGCATC	1
ENSG00000161940.12	GTTTGTTCCAACACCTACCCTCCGTCTTA	1
ENSG00000162191.15	ATGGATCCATCATCCTAAATATTGTAA	1
ENSG00000162244.13	GTTGTACCTTACCGTATCTATGCATAGTA	1
ENSG00000162545.7	AGACGGATTAAACCAAAGTCTAAGCTTC	1
ENSG00000162616.10	AGCCTTACAAGCATGGCTAGTAGAAGCA	1
ENSG00000162645.14	GTAACGAGAAGCGCTAAGCACATGAATGA	1
ENSG00000162777.18	TCAAACCGCCTCTCATCCTAATCCTCAATA	1
ENSG00000162782.17	GTTTGTTCCAAAAGGACTATTCAGATTCA	1
ENSG00000162910.20	AGCAATCCGAGATTCATCATGCATAGTA	1
ENSG00000162924.17	TCACAAGCAAGCAGTGTTGTCCTATCATGA	1
ENSG00000163349.23	TCATAGCTTGTAGGAGTCTAACTATCATGA	1
ENSG00000163479.15	GTCAAACCGCCAATCAGTTTAACAGAAAC	1
ENSG00000163513.21	TCAGAGCCAATACGCTAAGCAATCATTCTG	1
ENSG00000163644.16	GTACAGTTCCGAATCAGTTTAGTCTGTAC	1
ENSG00000163660.13	CTTGTACTAACAGTGGTACACGATCCG	1
ENSG00000163660.13	TAAGTTCGACACAAAGGCACACCTTAG	1
ENSG00000163682.18	AACCAAGGACAGTGTTGTCTGTCTATCA	1
ENSG00000163682.18	AACGCAATCATACAGGATAGGCACAACA	1
ENSG00000163682.18	ACCGGATAGATCCAACCGTCTACGACA	1
ENSG00000163682.18	GTTCAGGAGGAACTATCCTCAAGTTTACG	1
ENSG00000163682.18	TCAGGCAAGCAAACCAGGTGTCTAAGCTTC	1
ENSG00000163682.18	TCATGCGATCTAGGAATGATAAATTCGGCG	1
ENSG00000164032.13	CTTGTACTAAGTGAAAGGGCAACATTA	1
ENSG00000164032.13	TCACAGAATCGTCGTTCGGTAAACAACGCG	1
ENSG00000164038.17	CCACTTGGATCATTGAGAACTCATACG	1
ENSG00000164091.13	TAAGTTCGAACTTTAACTCAACCTCCA	1
ENSG00000164104.13	ACACGCCGGCCGTATCTAAAGGCCGCA	1
ENSG00000164151.12	GTGAGGTGCTATAGAACACATCCTCAATA	1
ENSG00000164332.9	GTGAGGTGCTATAGTCTTGACAATAGGGT	1
ENSG00000164346.11	TCAATCTCCACACACCTACCCAAAGAGGCC	1
ENSG00000164398.16	ATACCGAGCATCGTTAGCAGATGGTCCA	1
ENSG00000164442.12	TCAAGCCCAATCGCATGGCTAAAGGGTCAG	1
ENSG00000164754.17	TCACAAGCAAGCGACCTTAGAAGCCTGGTT	1
ENSG00000164938.15	TCAATCTCCACACACCTACCCAAAGAGGCC	1
ENSG00000165119.24	TCATATGTGGCACAATTGATCACTACATAT	1
ENSG00000165209.20	ATTGGCTAAGACCTTAGAACATTCGGC	1
ENSG00000165288.11	TCAATCAGAGCTGTACATCTAGGTTGGACA	1
ENSG00000165406.17	ATCTCTTCAATGTTCTCCAGTTAGCCTA	1
ENSG00000165632.9	GTAACGAGAAGCGCTAAGCACATGAATGA	1
ENSG00000165660.9	GTGTCCTTAACGATGAATAATGTATCG	1
ENSG00000165704.16	GTAAGCTCAACACTTCGAGCAAGGGTCAG	1
ENSG00000165916.10	AAAGTAACCCGACCTTAGAAACAACGCG	1
ENSG00000165929.14	AGCCTTACAAACTGTTAGAACAGTAAAC	1
ENSG00000166012.18	TCAGCTGCCAATAGGCAGCTAAACGTGTGA	1
ENSG00000166136.18	GTGTCCTTAATTAGGCATTGTATGCGA	1
ENSG00000166295.10	TCAATGTAATGGCTAGGTCCTAGCTATGTG	1
ENSG00000166441.14	ACAACATATTATTAGGCATGATAGAGGA	1
ENSG00000166441.14	ATCTCTTCAAAGGGCTGGTACAAGTGCA	1
ENSG00000166441.14	GTGAGGTGCTAACCAGGTGTTACTTCGGA	1
ENSG00000166441.14	GTTGTACCTTAACTTCGAGCAAGGCCGCA	1
ENSG00000166441.14	TCAATCTCCACACACCTACCCAAAGAGGCC	1
ENSG00000166598.17	GTCTACAGAACACAATATGGTCAGATTCA	1
ENSG00000166887.17	GTCAGTTTCACAGGTTCGCTCATAACGTT	1
ENSG00000166900.18	AAGACATGCAACCAAAGTCGTACTACG	1
ENSG00000167103.12	GTTCAGGAGGAACTATCCTCAAGTTTACG	1
ENSG00000167202.13	ACCTTGCGGACTGTTAGAAGTTGCATC	1
ENSG00000167522.18	ATTGGCTAACAGAAATCGACGAACCAG	1
ENSG00000167526.16	AACCAAGGACTGACAGACATCCTCAATA	1
ENSG00000167526.16	AAGTATCTGTATGAGTTACCATGAATGA	1
ENSG00000167526.16	ATTGGCTAAAAACTGCGCTCTCGGTTA	1
ENSG00000167526.16	TAAGTTCGAAATCCTGAAGGCACAACA	1
ENSG00000167526.16	TCACCTGAGCAAGATTCATCAAGTCTGTAC	1
ENSG00000167526.16	TCAGCTGCCAATCCGTATCTAGATGGTCCA	1
ENSG00000167895.17	AGGAGATTATAGTCTTGAAGCCTGGTT	1
ENSG00000167895.17	TAAGTTCGAACTTTAACTCAACCTCCA	1
ENSG00000168016.16	TCAACACGAGATCACTCGAGAAAGTTTACG	1
ENSG00000168028.16	TCAATCTCCACACACCTACCCAAAGAGGCC	1
ENSG00000168036.20	GTTGTACCTTAACCTGAGTCGCTATGGAA	1
ENSG00000168300.15	GTCGTTACTAAAAACTGCGCACAAGTGCA	1
ENSG00000168610.18	GTCAGTTTCACGATTCATCACAATAGGGT	1
ENSG00000168615.14	GTAGCCATCACGGAGTCTAATCTCGGTTA	1
ENSG00000168685.16	GTAACGAGAAGCGCTAAGCACATGAATGA	1
ENSG00000168813.18	TCACAGAATCGTCGTTCGGTAAACAACGCG	1
ENSG00000168818.11	GTAGAAGCACTAACCCTCGGCGTACTACG	1
ENSG00000168918.14	GTCAGCAAGATACCAGGTGTGATGGTCCA	1
ENSG00000169180.13	AGAGTATTAGAAGAGTAGAAACGTGTGA	1
ENSG00000169188.6	ACACACACTATCGTTAGCAAGTAATTAG	1
ENSG00000169410.12	AGCCTTACAAACCAGGTGTGCAACATTA	1
ENSG00000169567.14	ATACCGAGCACACTTATGTAACAGAAAC	1
ENSG00000169813.18	TCAATCTCCACAGATGAACTGGGCACAACA	1
ENSG00000169895.7	ACACACACTAATGAGTTACAGCCTGGTT	1
ENSG00000170027.7	GTAGCACACAGGCATGGCTATCAGATTCA	1
ENSG00000170242.20	TCATAGCTTGTAAGTGTTGTCAACAGAAAC	1
ENSG00000170345.12	GTACAGTTCCGTCATTGAGAGCAACATTA	1
ENSG00000170345.12	GTCTACAGAACCTAGGTCCTACGCTGTTG	1
ENSG00000170345.12	TCAATCAGAGCTAAGCTACTTAATTCGGCG	1
ENSG00000170540.17	TCAACCCTGACCTACAGGATATCAGATTCA	1
ENSG00000170581.16	GTCTAACTCGCTTGGTATGAACAAACTTT	1
ENSG00000171475.15	TCATCGAAGTGATATAGCCCTTCCGTCTTA	1
ENSG00000171488.16	AGCACTGTCAGTGTGTCGACTAGATAGA	1
ENSG00000171634.19	TCAATTTAGATGAGGTTCGCTTCTCACGGA	1
ENSG00000171858.19	TCAATTTAGATGTAGAACACATCTCACGGA	1
ENSG00000172115.10	AAGGCGATCCCGTATCTAACGCTGTTG	1
ENSG00000172270.23	GTCGTTACTAACGCTAAGCATTCAGCTCA	1
ENSG00000172493.24	GTAATATTGGGTGTTCTCCAATATTGTAA	1
ENSG00000172785.20	GTACAGTTCCGAATCAGTTTAGTCTGTAC	1
ENSG00000172809.14	GTAATATTGGGAGGATTCAAACTCATACG	1
ENSG00000172809.14	TCAAGCCCAATCCAATTGATCCAGGGAGGG	1
ENSG00000172809.14	TCACCTGAGCAATAGTCTTGAACTCCAGGG	1
ENSG00000172888.12	ACGGATATTAGCGACACCCTATTAGCC	1
ENSG00000172888.12	GTGAGGTGCTAACCAGGTGTTACTTCGGA	1
ENSG00000172890.14	GTCAAAGGCACAAACTGCGCATCGAGTCT	1
ENSG00000173230.18	GTAGAAGCACTACTGTTAGAAGCCTGGTT	1
ENSG00000173230.18	TCATAGCTTGTATTGGAGGTAACAGTAAAC	1
ENSG00000173559.16	ATGGCTCAGAATCCAACCGCAGCCTGGC	1
ENSG00000173575.24	GTGAGGTGCTATGTGAAGAAACAGTAAAC	1
ENSG00000173812.12	GCGATTACACACAAAGGCCGTCTAGGT	1
ENSG00000173812.12	GTAGCCATCACGTGCAGTAAATATTGTAA	1
ENSG00000173812.12	TCACAAAGTGTGTGTGAAGAATTCAGCTCA	1
ENSG00000173821.20	GTACAGTTCCGAATCAGTTTAGTCTGTAC	1
ENSG00000174013.8	GTACACACAAACTCTCTCAACATAGGTCA	1
ENSG00000174282.13	ACACATTGCAGATTCATCAGGTTGGACA	1
ENSG00000174444.16	ATAAGCGTTAACGCGAAGCCAGGGAGGG	1
ENSG00000174444.16	GTCAAAGGCACCGCTAAGCATTCAGCTCA	1
ENSG00000174748.23	AGCACTGTCATCATCCTAACAAGTAGAA	1
ENSG00000174748.23	GTCTACAGAACTACTAGTCATGCATAGTA	1
ENSG00000174748.23	TCAATCAGAGCTAAACTGCGCAACGTGTGA	1
ENSG00000174953.15	ATCTCTTCAAACAATATGGACTGAATTC	1
ENSG00000175061.21	GTTCAGGAGGATCGTTAGCACTATTAGCC	1
ENSG00000175066.16	ATAAGCGTTATTGCGTACAACATTCGGC	1
ENSG00000175130.8	AGCCTTACAATCATCCTAAAGTTGCATC	1
ENSG00000175309.17	AACTGTATTGACACTTAAAAGGGAACT	1
ENSG00000175309.17	AAGGCGATCAGGGCTGGTAATGTATCG	1
ENSG00000176390.13	TCAGCTGCCAATAAATAAATACTGTACGGA	1
ENSG00000177565.20	ATTGGCTAAGACCTTAGAACATTCGGC	1
ENSG00000177600.11	AATCGAATGACCTGAGTCTCCTCAATA	1
ENSG00000177600.11	AGACGGATTAAACCAAAGTCTAAGCTTC	1
ENSG00000177600.11	ATACCGAGCAGTGTGTCGACGTACTACG	1
ENSG00000177600.11	ATCTCTTCAAAGGGCTGGTACAAGTGCA	1
ENSG00000177600.11	TCAGGCAAGCAAACTTCGAGCCAAGTAGAA	1
ENSG00000177606.9	GTTCAGGAGGAGCCTGTTCACAATAGGGT	1
ENSG00000177613.9	AACTGTATTAAGGACTATCAAACGTGG	1
ENSG00000177688.7	TCACAAGCAAGCAAATAAATAGGCTACAGA	1
ENSG00000177954.15	GTAACGAGAAGTGTGAAGAAAAGGGAACT	1
ENSG00000177954.15	GTACACACAAAGCCTGTTCAATGGTCCGT	1
ENSG00000177954.15	GTCAGTTTCACTAGTCTTGAGGCTACAGA	1
ENSG00000177954.15	GTGTCCTTAATTAGGCATTGTATGCGA	1
ENSG00000177954.15	GTTTGTTCCAAAGCGACACCAATGTATCG	1
ENSG00000177963.16	GTAGCACACAGCCGTATCTACAGGGAGGG	1
ENSG00000178562.19	GTCTACAGAACTACTAGTCATGCATAGTA	1
ENSG00000178607.17	AACCAAGGACAACCCTCGGATATTGTAA	1
ENSG00000179262.11	ATAAGCGTTATCGTTAGCAATGGTCCGT	1
ENSG00000179456.13	GTCAAACCGCCCAGCACTTCATCGAGTCT	1
ENSG00000179743.5	GTAATATTGGGTAGAACACAAAGGGAACT	1
ENSG00000181163.15	AGACGGATTAGTGCAGTAAGGTGAGTTA	1
ENSG00000181163.15	AGAGTATTAGAAGAGTAGAAACGTGTGA	1
ENSG00000181163.15	TCAGCTGCCAATCGCTAAGCATCCTCAATA	1
ENSG00000182718.19	TCACAAGCAAGCACTTCGAGCAACGTGTGA	1
ENSG00000182782.8	TCAGGCAAGCAAACCAGGTGTCTAAGCTTC	1
ENSG00000182831.13	TCAATAGACGAGAGATAGTTCAAGGCCGCA	1
ENSG00000183172.10	GTAGAGCTATGATCCAACCGATGGGACTC	1
ENSG00000183283.17	GTAGAAGCACTAGAGGACCAACATTCGGC	1
ENSG00000183309.13	GTTCCAGTCGAAATCAGTTTGATCAGCGA	1
ENSG00000183508.6	GGATTAGGATAGTCTTGACTGTACGGA	1
ENSG00000184007.22	AAGGCGATCGCCAATGTAAACAACGCG	1
ENSG00000184009.14	GTAGAGCTATGTGACAGACAAATTCGGCG	1
ENSG00000184640.21	TCAATCTCCACACACCTACCCAAAGAGGCC	1
ENSG00000184678.11	AGCAATCCGATGTTCTCCAAATAAACAA	1
ENSG00000184752.15	TCATAGCTTGTAAGTGTTGTCAACAGAAAC	1
ENSG00000185043.14	GTAACGAGAAGCGCTAAGCACATGAATGA	1
ENSG00000185246.19	AGCACTGTCAGCCAATGTACAAGTTTCC	1
ENSG00000185404.18	TCATAGCTTGTAGGAGTCTAACTATCATGA	1
ENSG00000185658.15	GTACACACAAAGCCTGTTCAATGGTCCGT	1
ENSG00000185798.9	AAGTATCTGTAATCCTGAATCTCACGGA	1
ENSG00000185811.22	AAGTATCTGTCACCAGGTAAAATGGAGG	1
ENSG00000185885.18	ACCTTGCGGGATGAACTGTGCATAGTA	1
ENSG00000186432.11	CGGTCCAGGACTTGATGAACTGAATTC	1
ENSG00000186594.17	ACACGCCGGACTATCCTCCAGCCTGGC	1
ENSG00000187109.16	AGCACTGTCACACTCGAGACTATTAGCC	1
ENSG00000187514.18	TCAACAAGGATCCGCTAAGCATACTTCGGA	1
ENSG00000187514.18	TCAAGCCCAATCAGAATGGAGAAGGCCGCA	1
ENSG00000187630.19	GTCAGTTTCACAGAATGGAGCAGGCATTT	1
ENSG00000188404.11	GTTCCAGTCGACACCTACCCTCCTCAATA	1
ENSG00000188483.8	TCAAACCGCCTCTTCCATTGATGCATAGTA	1
ENSG00000188559.17	TCAGGCAAGCAAACCAGGTGTCTAAGCTTC	1
ENSG00000188846.14	AGCAATCCGACGCTAAGCAAATTCGGCG	1
ENSG00000188846.14	GTCAAACCGCCCAGCACTTCATCGAGTCT	1
ENSG00000189043.11	ACACGCCGGACTGTTAGAAGCCTGGTT	1
ENSG00000189060.6	TCATAGCTTGTATTGGAGGTAACAGTAAAC	1
ENSG00000196652.13	GTCGCTATACACCAGGTACAGGCATTT	1
ENSG00000197102.15	GTAATATTGGGAGGATTCAAACTCATACG	1
ENSG00000197323.13	GTAGAACTTCCCAATTGATCGATGGTCCA	1
ENSG00000197343.12	GTTCAGGAGGAATTCATCGTTCTCGGTTA	1
ENSG00000197451.13	ATGGCTCAGACACTTATGTTCTCGGTTA	1
ENSG00000197756.11	AGCCTTACAACCGTATCTACATAGGTCA	1
ENSG00000198160.15	AGAGTATTAGACTTTAACTGAACGACAA	1
ENSG00000198252.13	GTCGCTATAGTGCAGTAACGTCTAGGT	1
ENSG00000198399.17	AAGACATGCCAGCACTTCGATCTCTTA	1
ENSG00000198604.12	AACCAAGGACTAGGGATACCATAACGTT	1
ENSG00000198604.12	CCACTTGGATCATTGAGAACTCATACG	1
ENSG00000198668.15	TCAGAGCCAATATAGTGACTACATGAATGA	1
ENSG00000198677.14	GTTCAGGAGGAAAACGTACCGAACGACAA	1
ENSG00000198744.5	TCATGCGATCTAAGAATGGAGCTAGATAGA	1
ENSG00000198755.12	ACATAAGCGAAGCTACTTTCTCGGTTA	1
ENSG00000198755.12	AGAATCTGTAGCCTGTTCAAAGGGAACT	1
ENSG00000198755.12	GTCTAACTCGCTTGCGTACACGTACTACG	1
ENSG00000198815.10	AAGTATCTGTATGAGTTACCATGAATGA	1
ENSG00000198830.14	AGACGGATTACACAAAGGCCGTCTAGGT	1
ENSG00000198837.11	TCAGCTGCCAATAGGCAGCTAAACGTGTGA	1
ENSG00000198876.14	AATCGAATGCAATTGATCGGTTGGACA	1
ENSG00000198876.14	TCAACCCTGACCCCATGCACAACAGGCTCC	1
ENSG00000198900.7	CGGTCCAGGTCATCCTAATCCTCAATA	1
ENSG00000198911.14	AAGGCGATCCACCAGGTAAGTTGCATC	1
ENSG00000198931.12	TCAAGCCCAATCAACCCTCGGACACCTTAG	1
ENSG00000203497.4	TCAATAGACGAGGATTCATCAACTTACGAT	1
ENSG00000204256.16	AGCCTTACAAGAGTGCGAAAATGTATCG	1
ENSG00000204257.16	AGAGTATTAGAAGAGTAGAAACGTGTGA	1
ENSG00000204389.11	AACGCAATCACACCTACCCCATAACGTT	1
ENSG00000204525.19	ACCTTGCGGTTGCGTACACAATAGGGT	1
ENSG00000204592.10	TCAATCTCCACACACCTACCCAAAGAGGCC	1
ENSG00000204628.13	AAAATCCTGTACGACCACCCTCAAGACA	1
ENSG00000204681.12	TCAATCCCGGAGTCGTTAGCAAACAGAAAC	1
ENSG00000205339.11	TCAATCTCCACACACCTACCCAAAGAGGCC	1
ENSG00000205339.11	TCAGAGTACATTATCCAACCGAGCTATGTG	1
ENSG00000205581.12	TCAAGCCCAATCGCATGGCTAAAGGGTCAG	1
ENSG00000206560.12	GTAGCCATCACCAGTGCCCGACAAGTGCA	1
ENSG00000213064.11	GTACAGTTCCGACTATCCTCGATCAGCGA	1
ENSG00000213741.12	CCTAGTATAGATTCATCACATAACGTT	1
ENSG00000213741.12	GTAAGCTCAACGCATGGCTAATGGTCCGT	1
ENSG00000213741.12	GTCAGTTTCACTAGTCTTGAGGCTACAGA	1
ENSG00000213741.12	GTCTACAGAACCTAGGTCCTACGCTGTTG	1
ENSG00000213741.12	GTGTCCTTAACGATGAATAATGTATCG	1
ENSG00000213741.12	TCACAAAGTGTGTGTGAAGAATTCAGCTCA	1
ENSG00000213741.12	TCACCTGAGCAAACTTGATGACAAGTAGAA	1
ENSG00000214093.3	TCACAGAATCGTCAGAAATCGATATTGTAA	1
ENSG00000215301.12	AAGACATGCCAGTGCCCGACTTACGAT	1
ENSG00000215301.12	CTTGTACTAAGTGAAAGGGCAACATTA	1
ENSG00000219023.1	ATGGCTCAGACACTTATGTTCTCGGTTA	1
ENSG00000219023.1	GTAGAACTTCCTCGTTAGCACAGGCATTT	1
ENSG00000220205.11	GTTCCAGTCGACACAAAGGCAATTACCGG	1
ENSG00000221983.9	AGCAATCCGAGTGCAGTAAGATAGAGGA	1
ENSG00000221983.9	AGCACTGTCATCATCCTAACAAGTAGAA	1
ENSG00000221983.9	GTAAGCTCAACACAGTGGTAAAAGAGGCC	1
ENSG00000224032.10	AACGCAATCATACAGGATAGGCACAACA	1
ENSG00000224616.5	ATAAGCGTTAACAATATGGAAAGTCATT	1
ENSG00000225972.1	ACACACACTAATCCTAGGATGTATGCGA	1
ENSG00000225972.1	AGACGGATTATTCCATTGATGAAGCCAA	1
ENSG00000226360.5	ATGGCTCAGAATCCAACCGCAGCCTGGC	1
ENSG00000226360.5	GTTTGTTCCAACGTTCGGTAAGCCTGGTT	1
ENSG00000227081.5	GTAACGAGAAGATCAACCGAAAGCCTTCT	1
ENSG00000228005.1	CTTGTACTATAGTGACTATTCAGCTCA	1
ENSG00000229638.1	AGCACTGTCAAGTGTTGTCAGCCGCAAG	1
ENSG00000230615.9	AGGAGATTAAGTGTTGTCCAGCCTGGC	1
ENSG00000231249.4	TCAATCAGAGCTTAGTCTTGAGATCTCTTA	1
ENSG00000231500.8	ACCGGATAGTAGGGATACTCCTCAATA	1
ENSG00000231500.8	ACCGGATAGTTCCATTGAACTTACGAT	1
ENSG00000231500.8	ATAAGCGTTATTGCGTACAACATTCGGC	1
ENSG00000231500.8	GCGATTACAACCAGGTGTACAAACTTT	1
ENSG00000231500.8	GTAGAACTTCCCAATTGATCGATGGTCCA	1
ENSG00000231500.8	GTAGAAGCACTCACCCAAAGACTAGACCG	1
ENSG00000231500.8	GTAGCACACAGTCGTTAGCAGCTCCTTGA	1
ENSG00000231500.8	GTTGTACCTTAACCTGAGTCGCTATGGAA	1
ENSG00000231500.8	TCAATGTAATGGCACCAGGTAAGTTGCATC	1
ENSG00000231500.8	TCAGAGTACATTATCCAACCGAGCTATGTG	1
ENSG00000231500.8	TCAGCTGCCAATAGGCAGCTAAACGTGTGA	1
ENSG00000231500.8	TCATAGCTTGTATTGGAGGTAACAGTAAAC	1
ENSG00000231721.9	AGAGAAGTTATTAGGCATGCTCCTTGA	1
ENSG00000232931.7	AGCACTGTCATCATCCTAACAAGTAGAA	1
ENSG00000233030.2	GTCAAACCGCCAAGGACTATACTCATACG	1
ENSG00000233355.8	TCAATCAGAGCTCAAGACCTAACGCTGTTG	1
ENSG00000233927.6	TCATATGTGGCAACTTTAACTTCAGATTCA	1
ENSG00000234572.2	GTCAAAGGCACAATCAGTTTTCTACGACA	1
ENSG00000235224.1	GTGTCCTTAAATTATAACTGAAGCCAA	1
ENSG00000236255.3	ATTGGCTAAAATTATAACATCGAGTCT	1
ENSG00000237135.1	ACAACATATTATCAACCGATCCTCAATA	1
ENSG00000237883.5	GTTGTACCTTAAGCGACACCAAGGGTCAG	1
ENSG00000239057.2	GTCAAACCGCCACCAGGTGTCTGTACGGA	1
ENSG00000240682.11	TCAGAGCCAATAAGGTTCGCTCAGGCATTT	1
ENSG00000241769.7	CCACTTGGAGACACTTAATCCTCAATA	1
ENSG00000244398.1	TCAATTTAGATGTAGAACACATCTCACGGA	1
ENSG00000244462.9	TCAATGTAATGGCTAGGTCCTAGCTATGTG	1
ENSG00000244734.5	AAACTTCTCCACAGTGGTAACTGAATTC	1
ENSG00000244734.5	AATTATTACCTACAGGATACTATCATGA	1
ENSG00000244734.5	GTCGTTACTAACGCTAAGCATTCAGCTCA	1
ENSG00000245164.11	TCAAACCGCCTCGTACATCTAAGCCGCAAG	1
ENSG00000248527.1	ACACACACTACACCAGGTACAGGCATTT	1
ENSG00000248527.1	GTTTGTTCCAACAAGACCTAATCGAGTCT	1
ENSG00000255302.5	TCACAAGCAAGCATTCATCGTAATTCGGCG	1
ENSG00000255571.10	GTAGCACACAGCACCTACCCAGTAATTAG	1
ENSG00000255717.10	GTAATATTGGGAGGATTCAAACTCATACG	1
ENSG00000256525.9	GTCGCTATAGGAATGATAACAGGCTCC	1
ENSG00000257621.10	AAAATCCTGTACCAGGTGTAGCTATGTG	1
ENSG00000259788.2	TCACCTGAGCAAACTTGATGACAAGTAGAA	1
ENSG00000260231.3	CTTCACATAAAACGTACCACGAACCAG	1
ENSG00000260293.2	TCAATCAGAGCTTTGCGTACAACTCATACG	1
ENSG00000265972.7	TCAATTTAGATGACCAAAATGAAGGGAACT	1
ENSG00000265972.7	TCACAAGCAAGCAGTGTTGTCCTATCATGA	1
ENSG00000266236.1	GTACAGTTCCGACTTCGAGCGAACGACAA	1
ENSG00000269893.11	GTACAGTTCCGAATCAGTTTAGTCTGTAC	1
ENSG00000270562.2	TCAAGCCCAATCCGCTAAGCATGAAGCCAA	1
ENSG00000271503.7	AATTAAGTGCAGGATTCAAGAACGACAA	1
ENSG00000273015.3	ATAAGCGTTATCGTTAGCAATGGTCCGT	1
ENSG00000273783.3	TCAAACCGCCTCTGACAGACAACAAACTTT	1
ENSG00000274561.1	CCTAGTATAAAACTGCGCACAAACTTT	1
ENSG00000280047.1	GTCGTTACTAATACTAGTCAAAAGTCATT	1
ENSG00000280135.1	GTTGTACCTTAACTTCGAGCAAGGCCGCA	1
ENSG00000281649.4	TCAATCCCGGAGATCCAACCGAACGTGTGA	1
ENSG00000281706.6	GTAGAACTTCCTCGTTAGCACAAGTAGAA	1
ENSG00000283044.2	TCAATCCCGGAGGACACTTAAAATTCGGCG	1
ENSG00000284640.2	AGAATCTGTAAACCCTCGGTCTCACGGA	1
ENSG00000285646.3	GTGAGGATGGATACAGGATAAAATGGAGG	1
ENSG00000287405.1	TCAAACCGCCTCACTTCGAGCAGTTGCATC	1
ENSG00000287625.2	AGACGGATTACTAGGTCCTCAAGTAGAA	1
ENSG00000287707.1	GTACAGTTCCGAATCAGTTTAGTCTGTAC	1
ENSG00000288900.2	AAGGCGATCCCGTATCTAACGCTGTTG	1
ENSG00000290418.2	ACACATTGCACCGTATCTAGGCACAACA	1
ENSG00000290890.2	ACAGCTGACAACCTGAGTCTACTTCGGA	1
ENSG00000290927.2	TCAATCCCGGAGTAGGGATACCAACGATCT	1
ENSG00000291136.2	GTTCAGGAGGATCGTTAGCAGCTCCTTGA	1
ENSG00000293427.2	GTAGCACACAGAGGAGGCGCCAGGCATTT	1
ENSG00000293488.2	TCAAACCGCCTCGTGTGTCGAGGTTGGACA	1
ENSG00000293514.2	GTCAGTTTCACACGACCACCCTAGATAGA	1
ENSG00000294776.1	GTCAAACCGCCCACCCAAAGGATCAGCGA	1
ENSG00000296912.1	ACACGCCGGGACACTTAAAGCCGCAAG	1
ENSG00000301078.1	GTAGAACTTCCCAACAACGGCAGGCATTT	1
ENSG00000301649.1	TCACAGAATCGTACCTGAGTCCTATTAGCC	1
ENSG00000303901.1	TCATGCGATCTAACGATGAATTTCAGCTCA	1
ENSG00000308230.1	GTAGAACTTCCGTGCAGTAAAACGTGTGA	1
ENSG00000309574.1	TCAATCAGAGCTATCCAACCGAGTCTGTAC	1
ENSG00000310431.1	AAGGCGATCGCCAATGTAAACAACGCG	1
